{"cameraMode":{"drawMode":0,"name":"Shaded","section":"Shading Mode"},"sceneLighting":false,"audioPlay":false,"sceneViewState":{"showFog":false,"showMaterialUpdate":false,"showSkybox":false,"showFlares":false,"showImageEffects":false,"showParticleSystems":true},"in2DMode":false,"pivot":{"x":38.991844177246097,"y":8.739026069641114,"z":19.9999942779541},"rotation":{"x":0.01613040827214718,"y":-0.9647426605224609,"z":0.2556108832359314,"w":0.06095036491751671},"size":8.853346824645996,"orthographic":false}