{"cameraMode":{"drawMode":0,"name":"Shaded","section":"Shading Mode"},"sceneLighting":false,"audioPlay":false,"sceneViewState":{"showFog":false,"showMaterialUpdate":false,"showSkybox":false,"showFlares":false,"showImageEffects":false,"showParticleSystems":true},"in2DMode":false,"pivot":{"x":13.135086059570313,"y":11.786970138549805,"z":14.830705642700196},"rotation":{"x":0.03868333622813225,"y":-0.9608575105667114,"z":0.2088264524936676,"w":0.1781061738729477},"size":6.288454055786133,"orthographic":false}