{"cameraMode":{"drawMode":0,"name":"Shaded","section":"Shading Mode"},"sceneLighting":false,"audioPlay":false,"sceneViewState":{"showFog":false,"showMaterialUpdate":false,"showSkybox":false,"showFlares":false,"showImageEffects":false,"showParticleSystems":true},"in2DMode":false,"pivot":{"x":24.99566650390625,"y":4.701625347137451,"z":14.098626136779786},"rotation":{"x":0.01613040827214718,"y":-0.9647426605224609,"z":0.2556108832359314,"w":0.06095036491751671},"size":4.001039028167725,"orthographic":false}