{"cameraMode":{"drawMode":0,"name":"Shaded","section":"Shading Mode"},"sceneLighting":false,"audioPlay":false,"sceneViewState":{"showFog":false,"showMaterialUpdate":false,"showSkybox":false,"showFlares":false,"showImageEffects":false,"showParticleSystems":true},"in2DMode":false,"pivot":{"x":0.02586919069290161,"y":2.2376465797424318,"z":-0.029738903045654298},"rotation":{"x":0.23915743827819825,"y":0.7294934988021851,"z":-0.3114157021045685,"w":0.560111939907074},"size":9.875641822814942,"orthographic":false}