{"cameraMode":{"drawMode":0,"name":"Shaded","section":"Shading Mode"},"sceneLighting":false,"audioPlay":false,"sceneViewState":{"showFog":false,"showMaterialUpdate":false,"showSkybox":false,"showFlares":false,"showImageEffects":false,"showParticleSystems":true},"in2DMode":false,"pivot":{"x":-0.08363771438598633,"y":2.056595802307129,"z":0.0014019012451171876},"rotation":{"x":-0.11984476447105408,"y":0.8791113495826721,"z":-0.30260416865348818,"w":-0.3482702374458313},"size":12.459463119506836,"orthographic":false}