{"cameraMode":{"drawMode":0,"name":"Shaded","section":"Shading Mode"},"sceneLighting":false,"audioPlay":false,"sceneViewState":{"showFog":false,"showMaterialUpdate":false,"showSkybox":false,"showFlares":false,"showImageEffects":false,"showParticleSystems":true},"in2DMode":false,"pivot":{"x":-0.1462651491165161,"y":1.733245849609375,"z":-0.296159029006958},"rotation":{"x":0.08713922649621964,"y":0.9128521084785461,"z":-0.28837916254997256,"w":0.27569523453712466},"size":10.392048835754395,"orthographic":false}