{"cameraMode":{"drawMode":0,"name":"Shaded","section":"Shading Mode"},"sceneLighting":true,"audioPlay":false,"sceneViewState":{"showFog":false,"showMaterialUpdate":false,"showSkybox":false,"showFlares":false,"showImageEffects":false,"showParticleSystems":true},"in2DMode":false,"pivot":{"x":29.701993942260743,"y":20.9401798248291,"z":4.609714984893799},"rotation":{"x":-0.2662077844142914,"y":-0.31775471568107607,"z":0.0934382900595665,"w":-0.9052735567092896},"size":2.2404680252075197,"orthographic":false}