{"cameraMode":{"drawMode":0,"name":"Shaded","section":"Shading Mode"},"sceneLighting":false,"audioPlay":false,"sceneViewState":{"showFog":false,"showMaterialUpdate":false,"showSkybox":false,"showFlares":false,"showImageEffects":false,"showParticleSystems":true},"in2DMode":false,"pivot":{"x":0.5081572532653809,"y":8.739026069641114,"z":20.0000057220459},"rotation":{"x":0.01613040827214718,"y":-0.9647426605224609,"z":0.2556108832359314,"w":0.06095036491751671},"size":8.85334587097168,"orthographic":false}