{"cameraMode":{"drawMode":0,"name":"Shaded","section":"Shading Mode"},"sceneLighting":false,"audioPlay":false,"sceneViewState":{"showFog":false,"showMaterialUpdate":false,"showSkybox":false,"showFlares":false,"showImageEffects":false,"showParticleSystems":true},"in2DMode":false,"pivot":{"x":1.9549262523651124,"y":8.619786262512207,"z":0.5583000183105469},"rotation":{"x":-0.17791450023651124,"y":0.657904863357544,"z":-0.16416031122207642,"w":-0.7131761908531189},"size":5.390210151672363,"orthographic":false}