{"cameraMode":{"drawMode":0,"name":"Shaded","section":"Shading Mode"},"sceneLighting":false,"audioPlay":false,"sceneViewState":{"showFog":false,"showMaterialUpdate":false,"showSkybox":false,"showFlares":false,"showImageEffects":false,"showParticleSystems":true},"in2DMode":false,"pivot":{"x":0.009706377983093262,"y":1.1749463081359864,"z":-0.07661747932434082},"rotation":{"x":0.23915743827819825,"y":0.7294934988021851,"z":-0.3114157021045685,"w":0.560111939907074},"size":6.63414192199707,"orthographic":false}