{"cameraMode":{"drawMode":0,"name":"Shaded","section":"Shading Mode"},"sceneLighting":false,"audioPlay":false,"sceneViewState":{"showFog":false,"showMaterialUpdate":false,"showSkybox":false,"showFlares":false,"showImageEffects":false,"showParticleSystems":true},"in2DMode":false,"pivot":{"x":-0.059797048568725589,"y":2.1161413192749025,"z":0.07312870025634766},"rotation":{"x":-0.11984476447105408,"y":0.8791113495826721,"z":-0.30260416865348818,"w":-0.3482702374458313},"size":10.925348281860352,"orthographic":false}