{"cameraMode":{"drawMode":0,"name":"Shaded","section":"Shading Mode"},"sceneLighting":false,"audioPlay":false,"sceneViewState":{"showFog":false,"showMaterialUpdate":false,"showSkybox":false,"showFlares":false,"showImageEffects":false,"showParticleSystems":true},"in2DMode":false,"pivot":{"x":-13.350001335144043,"y":32.650001525878909,"z":-2.75},"rotation":{"x":0.01613040827214718,"y":-0.9647426605224609,"z":0.2556108832359314,"w":0.06095036491751671},"size":5.715767860412598,"orthographic":false}