{"cameraMode":{"drawMode":0,"name":"Shaded","section":"Shading Mode"},"sceneLighting":false,"audioPlay":false,"sceneViewState":{"showFog":false,"showMaterialUpdate":false,"showSkybox":false,"showFlares":false,"showImageEffects":false,"showParticleSystems":true},"in2DMode":false,"pivot":{"x":0.244171142578125,"y":0.29752159118652346,"z":-59.576148986816409},"rotation":{"x":-0.11984476447105408,"y":0.8791113495826721,"z":-0.30260416865348818,"w":-0.3482702374458313},"size":289.45770263671877,"orthographic":false}