{"cameraMode":{"drawMode":0,"name":"Shaded","section":"Shading Mode"},"sceneLighting":false,"audioPlay":false,"sceneViewState":{"showFog":false,"showMaterialUpdate":false,"showSkybox":false,"showFlares":false,"showImageEffects":false,"showParticleSystems":true},"in2DMode":false,"pivot":{"x":16.923524856567384,"y":14.954586029052735,"z":18.41141128540039},"rotation":{"x":-0.1047002449631691,"y":0.6603546738624573,"z":-0.09374970197677612,"w":-0.737730085849762},"size":4.159231185913086,"orthographic":false}