{"cameraMode":{"drawMode":0,"name":"Shaded","section":"Shading Mode"},"sceneLighting":false,"audioPlay":false,"sceneViewState":{"showFog":false,"showMaterialUpdate":false,"showSkybox":false,"showFlares":false,"showImageEffects":false,"showParticleSystems":true},"in2DMode":false,"pivot":{"x":-13.350001335144043,"y":32.650001525878909,"z":-2.75},"rotation":{"x":0.00024278670025523752,"y":0.9653828740119934,"z":-0.26095232367515566,"w":0.0007813376723788679},"size":5.715767860412598,"orthographic":false}