{"cameraMode":{"drawMode":0,"name":"Shaded","section":"Shading Mode"},"sceneLighting":false,"audioPlay":false,"sceneViewState":{"showFog":false,"showMaterialUpdate":false,"showSkybox":false,"showFlares":false,"showImageEffects":false,"showParticleSystems":true},"in2DMode":false,"pivot":{"x":0.39404892921447756,"y":-0.7432496547698975,"z":-0.6039934158325195},"rotation":{"x":-0.11984476447105408,"y":0.8791113495826721,"z":-0.30260416865348818,"w":-0.3482702374458313},"size":22.193893432617189,"orthographic":false}