{"cameraMode":{"drawMode":0,"name":"Shaded","section":"Shading Mode"},"sceneLighting":false,"audioPlay":false,"sceneViewState":{"showFog":false,"showMaterialUpdate":false,"showSkybox":false,"showFlares":false,"showImageEffects":false,"showParticleSystems":true},"in2DMode":false,"pivot":{"x":14.557820320129395,"y":12.828108787536621,"z":17.700063705444337},"rotation":{"x":-0.2662077844142914,"y":-0.31775471568107607,"z":0.0934382900595665,"w":-0.9052735567092896},"size":5.429981708526611,"orthographic":false}