{"cameraMode":{"drawMode":0,"name":"Shaded","section":"Shading Mode"},"sceneLighting":false,"audioPlay":false,"sceneViewState":{"showFog":false,"showMaterialUpdate":false,"showSkybox":false,"showFlares":false,"showImageEffects":false,"showParticleSystems":true},"in2DMode":false,"pivot":{"x":0.03632885217666626,"y":1.0352754592895508,"z":0.10411274433135987},"rotation":{"x":0.23915743827819825,"y":0.7294934988021851,"z":-0.3114157021045685,"w":0.560111939907074},"size":5.076632976531982,"orthographic":false}