{"cameraMode":{"drawMode":0,"name":"Shaded","section":"Shading Mode"},"sceneLighting":false,"audioPlay":false,"sceneViewState":{"showFog":false,"showMaterialUpdate":false,"showSkybox":false,"showFlares":false,"showImageEffects":false,"showParticleSystems":true},"in2DMode":false,"pivot":{"x":0.10419082641601563,"y":1.9739322662353516,"z":0.0005286931991577148},"rotation":{"x":-0.11984476447105408,"y":0.8791113495826721,"z":-0.30260416865348818,"w":-0.3482702374458313},"size":10.448491096496582,"orthographic":false}