{"cameraMode":{"drawMode":0,"name":"Shaded","section":"Shading Mode"},"sceneLighting":false,"audioPlay":false,"sceneViewState":{"showFog":false,"showMaterialUpdate":false,"showSkybox":false,"showFlares":false,"showImageEffects":false,"showParticleSystems":true},"in2DMode":false,"pivot":{"x":5.731637001037598,"y":11.08224105834961,"z":-1.6892142295837403},"rotation":{"x":-0.17791450023651124,"y":0.657904863357544,"z":-0.16416031122207642,"w":-0.7131761908531189},"size":1.4343125820159913,"orthographic":false}